{
  "project_info": {
    "project_number": "665931653562",
    "project_id": "ponorogotourism-skripsi",
    "storage_bucket": "ponorogotourism-skripsi.appspot.com"
  },
  "client": [
    {
      "client_info": {
        "mobilesdk_app_id": "1:665931653562:android:89396cbce13c340036bd83",
        "android_client_info": {
          "package_name": "com.bastianarf.desawisataponorogo"
        }
      },
      "oauth_client": [
        {
          "client_id": "665931653562-6baj5veo2cob11bfu98j526r85vjd46q.apps.googleusercontent.com",
          "client_type": 1,
          "android_info": {
            "package_name": "com.bastianarf.desawisataponorogo",
            "certificate_hash": "cb52fd3b6f861bd6922c2d9fed1cce65d22799b7"
          }
        },
        {
          "client_id": "665931653562-3sqf3mv3e321259uaetasbiof0l1vr68.apps.googleusercontent.com",
          "client_type": 3
        }
      ],
      "api_key": [
        {
          "current_key": "AIzaSyDZGreyfJKwh_6QNsKWZ7X7rV1b3Fbvwzg"
        }
      ],
      "services": {
        "appinvite_service": {
          "other_platform_oauth_client": [
            {
              "client_id": "665931653562-3sqf3mv3e321259uaetasbiof0l1vr68.apps.googleusercontent.com",
              "client_type": 3
            }
          ]
        }
      }
    },
    {
      "client_info": {
        "mobilesdk_app_id": "1:665931653562:android:ea41a22341a1eea836bd83",
        "android_client_info": {
          "package_name": "com.bastianarf.desawisataponorogo2"
        }
      },
      "oauth_client": [
        {
          "client_id": "665931653562-3sqf3mv3e321259uaetasbiof0l1vr68.apps.googleusercontent.com",
          "client_type": 3
        }
      ],
      "api_key": [
        {
          "current_key": "AIzaSyDZGreyfJKwh_6QNsKWZ7X7rV1b3Fbvwzg"
        }
      ],
      "services": {
        "appinvite_service": {
          "other_platform_oauth_client": [
            {
              "client_id": "665931653562-3sqf3mv3e321259uaetasbiof0l1vr68.apps.googleusercontent.com",
              "client_type": 3
            }
          ]
        }
      }
    }
  ],
  "configuration_version": "1"
}